"Sample","PFLU","logFC","PValue","FC"
"VOL_Ac","PFLU_5940",-0.284851634801872,0.478303379268536,0.82
"Fusion_Ac","PFLU_5940",-0.855637246428656,0.0330073996943839,0.55
"MNT_Ac","PFLU_5940",-0.189166040861512,0.645057079213207,0.88
"WFE_Ac","PFLU_5940",-0.685559966081369,0.0772013523630397,0.62
"WS1_Ac","PFLU_5940",-0.702931275391855,0.0783229118424012,0.61
"WT_Ac","PFLU_5940",-0.560117986885057,0.164158343280168,0.68
